Gothic,https://www.reddit.com/r/worldofgothic/comments/12rkl6q/gothic_ttrpg/
Supernatural,https://www.reddit.com/r/TTRPG/comments/1d8skhs/supernatural_rpg_system/
Mystery,https://www.reddit.com/r/rpg/comments/1gtjvgc/what_are_some_good_rpgs_for_running_a_mystery/
Modern,https://www.reddit.com/r/rpg/comments/1ial5xl/fellow_80s_dd_players_what_modern_ttrpg_captures/
Dystopian,https://www.reddit.com/r/rpg/comments/1hbqqll/any_good_modern_dystopian_ttrpgs_punkish_mayhaps/
Nordic Mythology,https://www.reddit.com/r/rpg/comments/1fqouqs/norse_or_norseinspired_ttrpgs/
Aliens,https://www.reddit.com/r/alienrpg/comments/w7jts8/alien_rpg_as_first_game_for_a_novice_gm/
Interstellar Travel,https://www.reddit.com/r/Damnthatsinteresting/comments/1h1o5xq/interstellar_travel_at_the_speed_of_light/
Star Wars,https://www.reddit.com/r/rpg/comments/1io0jqd/favorite_star_wars_ttrpg/
Romance & Slice-of-Life,https://www.reddit.com/r/Solo_Roleplaying/comments/wsw0t5/looking_for_a_slice_of_lifelife_sim_solo_rpg/
Non-Western / Culturally Diverse,https://www.reddit.com/r/rpg/comments/1fyr6my/why_so_few_straight_western_rpgs/
Mature TTRPG,https://www.reddit.com/r/rpg_gamers/comments/qhvej8/rpg_crpg_or_jrpg_with_mature_topics/
Political TTRPG,https://www.reddit.com/r/rpg_gamers/comments/yn3yna/what_are_some_good_rpgs_with_a_focus_on_politics/
Environmental TTRPG,https://www.reddit.com/r/rpg/comments/m69sbb/games_that_do_noncombat_environmental_challenges/
Bleak TTRPG,https://www.reddit.com/r/gamingsuggestions/comments/14ahvv8/depressing_bleak_and_utterly_soulcrushing_game/
Class-based TTRPG,https://www.reddit.com/r/JRPG/comments/13eawx5/games_that_have_really_elaborate_class_systems/
Classless TTRPG,https://www.reddit.com/r/rpg/comments/1fqyt9b/how_to_do_a_classless_system_and_which_ttrpg_did/
Universal TTRPG,https://www.reddit.com/r/rpg/comments/1hj54x0/what_are_some_universal_or_generic_ttrpgs_that/
Narrative-Driven TTRPG,https://www.reddit.com/r/rpg/comments/1g1bz5c/why_in_your_opinion_narrativedriven_rpgs_like/
